{
  "generated_at": "2026-06-28T23:30:42.006871+00:00",
  "grid_size": 64,
  "cohort_selection": "no_resection_cavity",
  "excluded_resection_cavity_patient_ids": [
    "100130",
    "100134",
    "100192",
    "100220",
    "100260"
  ],
  "comparison": {
    "wt_volume_source": "wt_volume_report.json computed_mm3 (labels 1+2+3)",
    "pde_burden_rule": "voxels > 0 in g64 PDE cube at 1 mm spacing",
    "growth_match_tolerance_pct": 5.0,
    "resection_cavity_note": "Patients with label 4 at any visit (100130, 100134, 100192, 100220, 100260) are omitted \u2014 PDE prep seeds mask > 0, which inflates burden vs WT."
  },
  "patient_count": 14,
  "patients": [
    {
      "patient_id": "100002",
      "grade": "2",
      "idh_status": "mut",
      "interval_days": 182.56874999999854,
      "baseline": {
        "label": "baseline",
        "wt_mm3": 8137.0,
        "pde_voxels": 8137,
        "pde_mm3": 8137.0,
        "capture_pct": 100.0
      },
      "followup": {
        "label": "followup",
        "wt_mm3": 8365.0,
        "pde_voxels": 8365,
        "pde_mm3": 8365.0,
        "capture_pct": 100.0
      },
      "wt_growth_pct": 2.802015484822416,
      "workbook_growth_pct": 2.802015484822416,
      "pde_growth_pct": 2.802015484822416,
      "growth_pct_delta": 0.0,
      "growth_pct_delta_workbook": 0.0,
      "qc_flags": [
        "ok"
      ]
    },
    {
      "patient_id": "100014",
      "grade": 2.0,
      "idh_status": "WT",
      "interval_days": 52.73888888888905,
      "baseline": {
        "label": "baseline",
        "wt_mm3": 61814.0,
        "pde_voxels": 58694,
        "pde_mm3": 58694.0,
        "capture_pct": 94.95259973468794
      },
      "followup": {
        "label": "followup",
        "wt_mm3": 36894.0,
        "pde_voxels": 34384,
        "pde_mm3": 34384.0,
        "capture_pct": 93.19672575486528
      },
      "wt_growth_pct": -40.314491862684825,
      "workbook_growth_pct": -40.314491862684825,
      "pde_growth_pct": -41.41820288274781,
      "growth_pct_delta": -1.1037110200629883,
      "growth_pct_delta_workbook": -1.1037110200629883,
      "qc_flags": [
        "crop_loss_baseline",
        "crop_loss_followup"
      ]
    },
    {
      "patient_id": "100020",
      "grade": 4.0,
      "idh_status": "WT",
      "interval_days": 71.99930555555329,
      "baseline": {
        "label": "baseline",
        "wt_mm3": 62770.0,
        "pde_voxels": 49518,
        "pde_mm3": 49518.0,
        "capture_pct": 78.88800382348255
      },
      "followup": {
        "label": "followup",
        "wt_mm3": 105601.0,
        "pde_voxels": 91568,
        "pde_mm3": 91568.0,
        "capture_pct": 86.71130008238558
      },
      "wt_growth_pct": 68.23482555360842,
      "workbook_growth_pct": 68.23482555360842,
      "pde_growth_pct": 84.91861545296659,
      "growth_pct_delta": 16.683789899358175,
      "growth_pct_delta_workbook": 16.683789899358175,
      "qc_flags": [
        "crop_loss_baseline",
        "crop_loss_followup",
        "growth_mismatch"
      ]
    },
    {
      "patient_id": "100038",
      "grade": 4.0,
      "idh_status": "WT",
      "interval_days": 62.8840277777781,
      "baseline": {
        "label": "baseline",
        "wt_mm3": 43342.0,
        "pde_voxels": 43342,
        "pde_mm3": 43342.0,
        "capture_pct": 100.0
      },
      "followup": {
        "label": "followup",
        "wt_mm3": 78774.0,
        "pde_voxels": 76912,
        "pde_mm3": 76912.0,
        "capture_pct": 97.63627592860588
      },
      "wt_growth_pct": 81.74980388537676,
      "workbook_growth_pct": 81.74980388537676,
      "pde_growth_pct": 77.45374002122652,
      "growth_pct_delta": -4.296063864150241,
      "growth_pct_delta_workbook": -4.296063864150241,
      "qc_flags": [
        "ok"
      ]
    },
    {
      "patient_id": "100039",
      "grade": 4.0,
      "idh_status": "WT",
      "interval_days": 26.902777777773736,
      "baseline": {
        "label": "baseline",
        "wt_mm3": 84326.0,
        "pde_voxels": 80944,
        "pde_mm3": 80944.0,
        "capture_pct": 95.98937457012072
      },
      "followup": {
        "label": "followup",
        "wt_mm3": 64638.0,
        "pde_voxels": 63418,
        "pde_mm3": 63418.0,
        "capture_pct": 98.11256536402735
      },
      "wt_growth_pct": -23.347484761520764,
      "workbook_growth_pct": -23.347484761520764,
      "pde_growth_pct": -21.652006325360745,
      "growth_pct_delta": 1.6954784361600197,
      "growth_pct_delta_workbook": 1.6954784361600197,
      "qc_flags": [
        "ok"
      ]
    },
    {
      "patient_id": "100118",
      "grade": 4.0,
      "idh_status": "WT",
      "interval_days": 55.93819444444671,
      "baseline": {
        "label": "baseline",
        "wt_mm3": 10905.0,
        "pde_voxels": 10881,
        "pde_mm3": 10881.0,
        "capture_pct": 99.7799174690509
      },
      "followup": {
        "label": "followup",
        "wt_mm3": 77327.0,
        "pde_voxels": 72755,
        "pde_mm3": 72755.0,
        "capture_pct": 94.08744681676517
      },
      "wt_growth_pct": 609.096744612563,
      "workbook_growth_pct": 609.096744612563,
      "pde_growth_pct": 568.6425879974267,
      "growth_pct_delta": -40.4541566151363,
      "growth_pct_delta_workbook": -40.4541566151363,
      "qc_flags": [
        "crop_loss_followup",
        "growth_mismatch"
      ]
    },
    {
      "patient_id": "100129",
      "grade": 2.0,
      "idh_status": "mut",
      "interval_days": 109.0131944444438,
      "baseline": {
        "label": "baseline",
        "wt_mm3": 1641.0,
        "pde_voxels": 1640,
        "pde_mm3": 1640.0,
        "capture_pct": 99.93906154783669
      },
      "followup": {
        "label": "followup",
        "wt_mm3": 1606.0,
        "pde_voxels": 1606,
        "pde_mm3": 1606.0,
        "capture_pct": 100.0
      },
      "wt_growth_pct": -2.1328458257160268,
      "workbook_growth_pct": -2.1328458257160268,
      "pde_growth_pct": -2.073170731707317,
      "growth_pct_delta": 0.05967509400870963,
      "growth_pct_delta_workbook": 0.05967509400870963,
      "qc_flags": [
        "ok"
      ]
    },
    {
      "patient_id": "100137",
      "grade": 2.0,
      "idh_status": "mut",
      "interval_days": 70.84999999999854,
      "baseline": {
        "label": "baseline",
        "wt_mm3": 50346.0,
        "pde_voxels": 38113,
        "pde_mm3": 38113.0,
        "capture_pct": 75.70214118301355
      },
      "followup": {
        "label": "followup",
        "wt_mm3": 49255.0,
        "pde_voxels": 36915,
        "pde_mm3": 36915.0,
        "capture_pct": 74.9467059181809
      },
      "wt_growth_pct": -2.16700433003615,
      "workbook_growth_pct": -2.16700433003615,
      "pde_growth_pct": -3.143284443628158,
      "growth_pct_delta": -0.9762801135920083,
      "growth_pct_delta_workbook": -0.9762801135920083,
      "qc_flags": [
        "crop_loss_baseline",
        "crop_loss_followup"
      ]
    },
    {
      "patient_id": "100149",
      "grade": 4.0,
      "idh_status": "WT",
      "interval_days": 55.940277777779556,
      "baseline": {
        "label": "baseline",
        "wt_mm3": 26623.0,
        "pde_voxels": 20986,
        "pde_mm3": 20986.0,
        "capture_pct": 78.82657852233032
      },
      "followup": {
        "label": "followup",
        "wt_mm3": 31798.0,
        "pde_voxels": 22244,
        "pde_mm3": 22244.0,
        "capture_pct": 69.95408516258884
      },
      "wt_growth_pct": 19.438079855763814,
      "workbook_growth_pct": 19.438079855763814,
      "pde_growth_pct": 5.994472505479844,
      "growth_pct_delta": -13.443607350283969,
      "growth_pct_delta_workbook": -13.443607350283969,
      "qc_flags": [
        "crop_loss_baseline",
        "crop_loss_followup",
        "growth_mismatch"
      ]
    },
    {
      "patient_id": "100184",
      "grade": 3.0,
      "idh_status": "mut",
      "interval_days": 104.95833333333576,