{
  "patient_id": "100002",
  "baseline_slug": "glioma_ucsf_100002_baseline",
  "followup_slug": "glioma_ucsf_100002_followup",
  "params": {
    "risk_multiplier": 0.006663364068439584,
    "D": 0.15,
    "rho": 0.025,
    "delta": 0.0,
    "spacing": [
      1.0,
      1.0,
      1.0
    ]
  },
  "regime": "growth",
  "knob_name": "risk_multiplier",
  "knob_value": 0.006663364068439584,
  "baseline_burden": 2470.0776258409023,
  "target_burden": 2539.2895834040983,
  "achieved_burden": 2537.81100087602,
  "burden_error_pct": -0.058228196490143214,
  "target_mode": "wt_scaled",
  "pde_burden_baseline": 2470.0776258409023,
  "pde_burden_followup": 2174.763353779912,
  "timesteps": 183,
  "dt": 1.0,
  "dt_unit": "days",
  "interval_days": 182.56874999999854,
  "simulated_days": 183.0,
  "cfl_max_dt": 1.1111111111111112,
  "observed": {
    "wt_baseline_mm3": 8137.0,
    "wt_followup_mm3": 8365.0,
    "wt_delta_mm3": 228.0,
    "wt_growth_pct": 2.802015484822416
  }
}
