{
  "patient_id": "100149",
  "baseline_slug": "glioma_ucsf_100149_baseline",
  "followup_slug": "glioma_ucsf_100149_followup",
  "params": {
    "risk_multiplier": 0.147242679368204,
    "D": 0.15,
    "rho": 0.025,
    "delta": 0.0,
    "spacing": [
      1.0,
      1.0,
      1.0
    ]
  },
  "regime": "growth",
  "knob_name": "risk_multiplier",
  "knob_value": 0.147242679368204,
  "baseline_burden": 5606.349788077176,
  "target_burden": 6696.116536877063,
  "achieved_burden": 6695.644776086894,
  "burden_error_pct": -0.007045289423658477,
  "target_mode": "wt_scaled",
  "pde_burden_baseline": 5606.349788077176,
  "pde_burden_followup": 7965.969845354557,
  "timesteps": 56,
  "dt": 1.0,
  "dt_unit": "days",
  "interval_days": 55.940277777779556,
  "simulated_days": 56.0,
  "cfl_max_dt": 1.1111111111111112,
  "observed": {
    "wt_baseline_mm3": 26623.0,
    "wt_followup_mm3": 31798.0,
    "wt_delta_mm3": 5175.0,
    "wt_growth_pct": 19.438079855763814
  }
}
