{
  "patient_id": "100210",
  "baseline_slug": "glioma_ucsf_100210_baseline",
  "followup_slug": "glioma_ucsf_100210_followup",
  "params": {
    "risk_multiplier": 0.5814694493075018,
    "D": 0.15,
    "rho": 0.025,
    "delta": 0.0,
    "spacing": [
      1.0,
      1.0,
      1.0
    ]
  },
  "regime": "growth",
  "knob_name": "risk_multiplier",
  "knob_value": 0.5814694493075018,
  "baseline_burden": 7521.007229842246,
  "target_burden": 13647.46508173991,
  "achieved_burden": 13647.467557097592,
  "burden_error_pct": 1.8137856861580868e-05,
  "target_mode": "wt_scaled",
  "pde_burden_baseline": 7521.007229842246,
  "pde_burden_followup": 12292.981664068997,
  "timesteps": 60,
  "dt": 1.0,
  "dt_unit": "days",
  "interval_days": 60.04236111111095,
  "simulated_days": 60.0,
  "cfl_max_dt": 1.1111111111111112,
  "observed": {
    "wt_baseline_mm3": 21400.0,
    "wt_followup_mm3": 38832.0,
    "wt_delta_mm3": 17432.0,
    "wt_growth_pct": 81.45794392523365
  }
}
